Product_ID,Last_Price,Target_Price,Email,Url
B09SN74PNC,0,453,jksdsdds@gmail.com,https://www.amazon.in/Lightweight-Programmable-High-Speed-Tracking-Computer/dp/B09SN74PNC/ref=d_pb_allspark_dp_sims_pao_desktop_session_based_sccl_3_3/258-2691812-9621244?pd_rd_w=3QEkX&content-id=amzn1.sym.f9221308-d9c7-4a5c-ac35-a081ae29b064&pf_rd_p=f9221308-d9c7-4a5c-ac35-a081ae29b064&pf_rd_r=HBKPS2GS5EJWQXWF04M9&pd_rd_wg=8apT8&pd_rd_r=b986299c-c5c4-4440-91a7-4f0d818c0acd&pd_rd_i=B09SN74PNC&th=1
B09SN74PNC,0,543,klfdkfds@gmail.com,https://www.amazon.in/Lightweight-Programmable-High-Speed-Tracking-Computer/dp/B09SN74PNC/ref=d_pb_allspark_dp_sims_pao_desktop_session_based_sccl_3_3/258-2691812-9621244?pd_rd_w=3QEkX&content-id=amzn1.sym.f9221308-d9c7-4a5c-ac35-a081ae29b064&pf_rd_p=f9221308-d9c7-4a5c-ac35-a081ae29b064&pf_rd_r=HBKPS2GS5EJWQXWF04M9&pd_rd_wg=8apT8&pd_rd_r=b986299c-c5c4-4440-91a7-4f0d818c0acd&pd_rd_i=B09SN74PNC&th=1
B0BZCSSNV7,0,15028,hhhhh@gmail.com,https://www.amazon.in/Samsung-Storage-Battery-Octa-Core-Processor/dp/B0BZCSSNV7/?_encoding=UTF8&_ref=dlx_gate_sd_dcl_tlt_c276846d_dt&pd_rd_w=j8D0d&content-id=amzn1.sym.0d1fafce-0d80-4ffc-b8c3-74f55ca06beb&pf_rd_p=0d1fafce-0d80-4ffc-b8c3-74f55ca06beb&pf_rd_r=EXHWSG9V12RG02HVF0SC&pd_rd_wg=Wrp5K&pd_rd_r=1f14daca-afab-41e7-b077-4808c01588fa&ref_=pd_gw_unk
itm9e6293c322a84,0,60708,fghfk,https://www.flipkart.com/apple-iphone-14-midnight-128-gb/p/itm9e6293c322a84?pid=MOBGHWFHECFVMDCX&lid=LSTMOBGHWFHECFVMDCXBOYSND&marketplace=FLIPKART&q=iphone++14&store=tyy%2F4io&srno=s_1_1&otracker=search&otracker1=search&fm=search-autosuggest&iid=e63cfac1-b80d-4a30-af16-30c6c3d62149.MOBGHWFHECFVMDCX.SEARCH&ppt=sp&ppn=sp&ssid=jk7jx93gw00000001682710108336&qH=70c2bea998f8a8d7
